"ID","class"
1,0.3321
2,0.3665
3,0.3556
4,0.3113
5,0.0026
6,0.4276
7,0.4572
8,0.2411
9,0.0205
10,0.0851
11,0.1913
12,0.2152
13,0.0306
14,0.0381
15,0.4447
16,0.0218
17,0.0935
18,0.2014
19,0.1904
20,0.3393
21,0.3662
22,0.0878
23,0.0974
24,0.4534
25,0.1621
26,0.4027
27,0.3319
28,0.2901
29,0.4239
30,0.1149
31,0.3528
32,0.4703
33,0.4953
34,0.0276
35,0.3993
36,0.1937
37,0.3694
38,0.3539
39,0.3629
40,0.4112
41,0.4628
42,0.3665
43,0.0871
44,0.3046
45,0.452
46,0.3742
47,0.0041
48,0.0689
49,0.4512
50,0.0854
51,0.1133
52,0.4677
53,0.1222
54,0.4847
55,0.4593
56,0.1387
57,0.3834
58,0.4117
59,0.2029
60,0.1659
61,0.4078
62,0.1981
63,0.2225
64,0.4201
65,0.3504
66,0.2584
67,0.022
68,0.444
69,0.3748
70,0.2007
71,0.1379
72,0.2611
73,0.0126
74,0.4716
75,0.2647
76,0.4743
77,0.1274
78,1e-04
79,0.0375
80,0.4225
81,0.1989
82,0.4786
83,0.4297
84,0.2454
85,0.2022
86,0.1468
87,0.4741
88,0.3267
89,0.3936
90,0.4583
91,0.328
92,0.249
93,0.3695
94,0.0902
95,0.4504
96,0.2406
97,0.2947
98,0.4653
99,0.1697
100,0.4097
101,0.2224
102,0.0796
103,0.4462
104,0.0608
105,0.2942
106,0.2334
107,0.022
108,0.238
109,0.2511
110,0.3291
111,0.1892
112,0.4885
113,0.4279
114,0.1896
115,0.3815
116,0.2196
117,0.4007
118,0.187
119,0.1101
120,0.3851
121,0.0458
122,0.0154
123,0.4911
124,0.0887
125,0.3408
126,0.3227
127,0.3575
128,0.4976
129,0.1333
130,0.4869
131,0.1763
132,0.4801
133,0.0186
134,0.2284
135,0.3308
136,0.4626
137,0.1428
138,0.495
139,0.4691
140,0.2155
141,0.3759
142,0.0462
143,0.4433
144,0.3299
145,0.2808
146,0.0082
147,0.0332
148,0.07
149,0.1616
150,0.2238
151,0.2684
152,0.0029
153,0.4024
154,0.3726
155,0.4209
156,0.434
157,0.0116
158,0.1951
159,0.2305
160,0.3156
161,0.2895
162,0.2033
163,0.2257
164,0.1799
165,0.0435
166,0.4934
167,0.2718
168,0.2255
169,0.4241
170,0.2128
171,0.4001
172,0.1989
173,0.1728
174,0.3174
175,0.1994
176,0.3675
177,0.4369
178,0.2361
179,0.2683
180,0.3638
181,0.3383
182,0.0607
183,0.0738
184,0.2394
185,0.2041
186,0.0079
187,0.2591
188,0.2381
189,0.3988
190,0.1953
191,0.1021
192,0.2573
193,0.2681
194,0.0731
195,0.3355
196,0.4168
197,0.3734
198,0.1612
199,0.3145
200,0.085
201,0.2478
202,0.3675
203,0.2961
204,0.1194
205,0.0338
206,0.3955
207,0.2327
208,0.4502
209,0.168
210,0.1115
211,0.0685
212,0.2861
213,0.357
214,0.2491
215,0.4825
216,0.2948
217,0.0047
218,0.1879
219,0.2518
220,0.3492
221,0.2775
222,0.2858
223,0.2333
224,0.3206
225,0.1315
226,0.3497
227,0.2145
228,0.2845
229,0.2023
230,0.4308
231,0.3656
232,0.2189
233,0.3745
234,0.0423
235,0.2645
236,0.316
237,0.4392
238,0.1096
239,0.0152
240,0.3971
241,0.2375
242,0.3436
243,0.238
244,0.2459
245,0.4182
246,0.1304
247,0.4363
248,0.0354
249,0.325
250,0.2874
251,0.4974
252,0.1211
253,0.3352
254,0.3789
255,0.3759
256,0.3822
257,0.2657
258,0.4394
259,0.4465
260,0.4716
261,0.4275
262,0.4427
263,0.2675
264,0.4823
265,0.2418
266,0.1439
267,0.0905
268,0.2997
269,0.2696
270,0.152
271,0.404
272,0.2699
273,0.1608
274,0.0017
275,0.325
276,0.419
277,0.2323
278,0.0787
279,0.0542
280,0.2939
281,0.4181
282,0.0098
283,0.2594
284,0.443
285,0.4278
286,0.2958
287,0.1711
288,0.4571
289,0.265
290,0.0037
291,0.0795
292,0.0925
293,0.1984
294,0.0093
295,0.0385
296,0.1894
297,0.4978
298,0.3713
299,0.1361
300,0.0096
301,0.0699
302,0.3675
303,0.0392
304,0.481
305,0.4879
306,0.0321
307,0.2919
308,0.2969
309,0.0654
310,0.2975
311,0.2124
312,0.3503
313,0.0459
314,0.372
315,0.0035
316,0.3582
317,0.4897
318,0.3385
319,0.4677
320,0.2441
321,0.4029
322,0.4237
323,0.081
324,8e-04
325,0.1697
326,0.1342
327,0.4291
328,0.1532
329,0.3087
330,0.0255
331,0.247
332,0.198
333,0.1522
334,0.4264
335,0.109
336,0.4459
337,0.1347
338,0.4164
339,0.4739
340,0.3116
341,0.0614
342,0.1632
343,0.4969
344,0.4043
345,0.2888
346,0.4707
347,0.0401
348,0.0485
349,0.2537
350,0.2968
351,0.2745
352,0.1291
353,0.4346
354,0.4498
355,0.2439
356,0.2104
357,0.2762
358,0.3229
359,0.0057
360,0.3183
361,0.0873
362,0.492
363,0.4484
364,0.1388
365,0.0178
366,0.3863
367,0.0861
368,0.2192
369,0.3623
370,0.2128
371,0.4241
372,0.0715
373,0.3347
374,0.4098
375,0.2285
376,0.4897
377,0.4961
378,0.1731
379,0.4257
380,0.4441
381,0.0664
382,0.3809
383,0.2399
384,0.2154
385,0.0928
386,0.4258
387,0.295
388,0.0828
389,0.2346
390,0.1551
391,0.4862
392,0.1296
393,0.4099
394,0.2314
395,0.0271
396,0.2872
397,0.3998
398,0.0891
399,0.2723
400,0.2249
401,0.1807
402,0.3706
403,0.4244
404,0.2736
405,0.4633
406,0.409
407,0.3595
408,0.3556
409,0.3702
410,0.195
411,0.3693
412,0.1402
413,0.0975
414,0.4272
415,0.411
416,0.1131
417,0.3723
418,0.2573
419,0.3796
420,0.1001
421,0.3728
422,0.1011
423,0.1098
424,0.0533
425,0.2596
426,0.1669
427,0.0958
428,0.1223
429,0.4768
430,0.078
431,0.347
432,0.414
433,0.1987
434,0.454
435,0.2176
436,0.2789
437,0.2499
438,0.3966
439,0.2975
440,0.242
441,0.3016
442,0.1685
443,0.4486
444,0.2738
445,0.4087
446,0.1188
447,0.3614
448,0.314
449,0.4445
450,0.1712
451,0.4507
452,0.4584
453,0.4879
454,0.2493
455,0.2818
456,0.2092
457,0.3748
458,0.1219
459,0.363
460,0.3737
461,0.3839
462,0.1581
463,0.0119
464,0.3016
465,0.2773
466,0.3855
467,0.0328
468,0.4979
469,0.0098
470,0.008
471,0.2994
472,0.1477
473,0.4889
474,0.3102
475,0.126
476,0.0446
477,0.3994
478,0.0905
479,0.4504
480,0.3465
481,0.1471
482,0.035
483,0.3615
484,0.4615
485,0.0791
486,0.1307
487,0.0515
488,7e-04
489,0.1805
490,0.0064
491,0.1349
492,0.3606
493,0.2961
494,0.3582
495,0.2147
496,0.3092
497,0.0075
498,0.2309
499,0.0785
500,0.1052
501,0.1925
502,0.477
503,0.3514
504,0.0354
505,0.0765
506,0.4041
507,0.2964
508,0.1964
509,0.1961
510,0.1331
511,0.2414
512,0.4325
513,0.2296
514,0.0994
515,0.3951
516,0.2029
517,0.002
518,0.1632
519,0.1564
520,0.1764
521,0.3564
522,0.1026
523,0.3513
524,0.2466
525,0.2313
526,0.1453
527,0.3701
528,0.0254
529,0.075
530,0.0934
531,0.1944
532,0.0748
533,0.2372
534,0.4039
535,0.2264
536,0.2147
537,0.3341
538,0.1743
539,0.1565
540,0.1957
541,0.3215
542,0.0683
543,0.1039
544,0.3054
545,0.3666
546,0.484
547,0.1681
548,0.3826
549,0.2918
550,0.1628
551,0.0363
552,0.0763
553,0.4271
554,0.0468
555,0.2279
556,0.2963
557,0.1758
558,0.4599
559,0.3439
560,0.0586
561,0.2235
562,0.3897
563,0.0402
564,0.26
565,0.1194
566,0.1968
567,0.1565
568,0.4423
569,0.382
570,0.1514
571,0.0355
572,0.4155
573,0.2406
574,0.1304
575,0.4801
576,0.2531
577,0.4658
578,0.1319
579,0.1711
580,0.2625
581,0.1739
582,0.0165
583,0.2392
584,0.0357
585,0.0532
586,0.3591
587,0.0976
588,0.3386
589,0.3504
590,0.2959
591,0.2582
592,0.339
593,0.046
594,0.0451
595,0.2588
596,0.3541
597,0.1386
598,0.0936
599,0.0679
600,0.2149
601,0.361
602,0.1356
603,0.0891
604,0.1522
605,0.2364
606,0.0743
607,0.1557
608,0.0819
609,0.0234
610,0.3837
611,0.3195
612,0.1134
613,0.3951
614,0.3515
615,0.3077
616,0.1422
617,0.0953
618,0.33
619,0.4358
620,0.1012
621,0.2985
622,0.1963
623,0.383
624,0.239
625,0.0572
626,0.2866
627,0.0494
628,0.4011
629,0.2106
630,0.0836
631,0.0305
632,0.056
633,0.3169
634,0.3542
635,0.2278
636,0.0641
637,0.0606
638,0.0551
639,0.2344
640,0.2837
641,0.16
642,0.4497
643,0.1789
644,0.395
645,0.0179
646,0.2955
647,0.0896
648,0.1557
649,0.4418
650,0.0435
651,0.1308
652,0.2152
653,0.0405
654,0.176
655,0.0564
656,0.26
657,0.252
658,0.0887
659,0.3864
660,0.4974
661,0.1756
662,0.256
663,0.106
664,0.0485
665,0.2908
666,0.1779
667,0.0567
668,0.4892
669,0.052
670,0.1664
671,0.0037
672,0.3672
673,0.4201
674,0.0544
675,0.479
676,0.428
677,0.1434
678,0.0159
679,0.2017
680,0.3005
681,0.132
682,0.1986
683,0.0388
684,0.1098
685,0.4007
686,0.267
687,0.3728
688,0.3056
689,0.4259
690,0.2967
691,0.109
692,0.2704
693,0.074
694,0.0673
695,0.3657
696,0.2692
697,0.1062
698,0.2285
699,0.1408
700,0.0749
701,0.062
702,0.1645
703,0.1097
704,0.2162
705,0.0868
706,0.4487
707,0.2603
708,0.2012
709,0.3862
710,0.1539
711,0.1465
712,0.1779
713,0.4309
714,0.3155
715,0.2632
716,0.0351
717,0.1342
718,0.235
719,0.0803
720,0.0337
721,0.053
722,0.1439
723,0.0482
724,0.3774
725,0.0924
726,0.0823
727,0.074
728,0.1178
729,0.0487
730,0.0825
731,0.2139
732,0.3085
733,0.3665
734,0.0337
735,0.1787
736,0.4834
737,0.2621
738,0.3018
739,0.4655
740,0.4571
741,0.4339
742,0.3245
743,0.0861
744,0.0996
745,0.1301
746,0.2087
747,0.4632
748,0.4797
749,0.2489
750,0.3616
751,0.2877
752,0.0959
753,0.3824
754,0.1874
755,0.4757
756,0.334
757,0.3795
758,0.0513
759,0.2624
760,0.2022
761,0.3046
762,0.154
763,0.2881
764,0.4905
765,0.0988
766,0.3383
767,0.2212
768,0.4651
769,0.3395
770,0.4243
771,0.0647
772,0.2699
773,0.3239
774,0.3514
775,0.0519
776,0.3468
777,0.0135
778,0.4761
779,0.1798
780,0.3739
781,0.4718
782,0.0118
783,0.3291
784,0.003
785,0.3141
786,0.0662
787,0.2186
788,0.2176
789,0.1973
790,0.351
791,0.1361
792,0.0159
793,0.3823
794,0.1653
795,0.4189
796,0.0654
797,0.4624
798,0.1474
799,0.2716
800,0.301
801,0.4045
802,0.3493
803,0.3294
804,0.3735
805,0.4361
806,0.1484
807,0.2872
808,0.2609
809,0.1302
810,0.4213
811,0.3288
812,0.4408
813,0.0596
814,0.2507
815,0.1791
816,0.4373
817,0.3611
818,0.4192
819,0.2985
820,0.0335
821,0.1749
822,0.0414
823,0.3471
824,0.4291
825,0.2204
826,0.0786
827,0.3062
828,0.4699
829,0.1594
830,0.1591
831,0.4474
832,0.2439
833,0.3767
834,0.3068
835,0.1512
836,0.3624
837,0.4389
838,0.1357
839,0.1306
840,0.366
841,0.3015
842,0.2492
843,0.2128
844,0.1556
845,0.0776
846,0.3421
847,0.4171
848,0.1199
849,0.1298
850,0.3685
851,0.1447
852,0.2317
853,0.0083
854,0.1803
855,0.0582
856,0.3025
857,0.0245
858,0.4914
859,0.4543
860,0.2152
861,0.3792
862,0.4233
863,0.42
864,0.0193
865,0.0246
866,0.0203
867,0.4061
868,0.3397
869,0.1793
870,0.1528
871,0.3254
872,0.1174
873,0.4652
874,0.4939
875,0.078
876,0.2707
877,0.0245
878,0.377
879,0.3264
880,0.1546
881,0.3939
882,0.2711
883,0.2066
884,0.2223
885,0.0986
886,0.3916
887,0.4821
888,0.4616
889,0.2692
890,0.1279
891,0.2324
892,0.0046
893,0.3456
894,0.1755
895,0.2332
896,0.3933
897,0.4304
898,0.3905
899,0.0902
900,0.1394
901,0.2728
902,0.1177
903,0.1168
904,0.324
905,0.2999
906,0.2966
907,0.3444
908,0.169
909,0.3566
910,0.1916
911,0.3816
912,0.2502
913,0.0926
914,0.0559
915,0.4393
916,0.3365
917,0.1464
918,0.2121
919,0.3106
920,0.2086
921,0.0177
922,0.1586
923,0.0438
924,0.4599
925,0.3461
926,0.4585
927,0.1202
928,0.3595
929,0.1484
930,0.0436
931,0.1243
932,0.2501
933,0.28
934,0.068
935,0.0889
936,0.2179
937,0.177
938,0.0731
939,0.055
940,0.4346
941,0.4379
942,0.0903
943,0.1324
944,0.2002
945,0.1445
946,0.1897
947,0.1497
948,0.4512
949,0.4297
950,0.3007
951,0.1826
952,0.448
953,0.2182
954,0.4921
955,0.4242
956,0.3434
957,0.4062
958,0.4434
959,0.1463
960,0.3878
961,0.4939
962,0.0137
963,0.3554
964,0.0253
965,0.4645
966,0.1664
967,0.3277
968,0.4993
969,0.1221
970,0.2852
971,0.3432
972,0.4794
973,0.2346
974,0.4772
975,0.4317
976,0.2786
977,0.1705
978,0.3387
979,0.3176
980,0.4173
981,0.1424
982,0.38
983,0.0328
984,0.0414
985,0.166
986,0.4193
987,0.178
988,0.4889
989,0.1718
990,0.0232
991,0.4278
992,0.3981
993,0.305
994,0.3785
995,0.1131
996,0.467
997,0.3923
998,0.1432
999,0.4481
1000,0.4262
1001,0.403
1002,0.2528
1003,0.441
1004,0.4714
1005,0.2176
1006,0.0431
1007,0.4968
1008,0.0188
1009,0.4698
1010,0.0502
1011,0.252
1012,0.1268
1013,0.1954
1014,0.1
1015,0.2087
1016,0.4244
1017,0.2362
1018,0.0322
1019,0.3743
1020,0.0313
1021,0.3999
1022,0.4566
1023,0.3026
1024,0.2874
1025,0.1745
1026,0.4214
1027,0.1957
1028,0.0037
1029,0.3379
1030,0.2179
1031,0.3624
1032,0.1744
1033,0.414
1034,0.0896
1035,0.3356
1036,0.4289
1037,0.3532
1038,0.4403
1039,0.0417
1040,0.3779
1041,0.429
1042,0.4186
1043,0.1183
1044,0.2103
1045,0.3889
1046,0.0266
1047,0.1038
1048,0.1311
1049,0.1503
1050,0.3031
1051,0.3351
1052,0.3502
1053,0.3337
1054,0.0849
1055,0.3597
1056,0.3543
1057,0.3937
1058,0.1491
1059,0.3691
1060,0.2299
1061,0.2352
1062,0.0185
1063,0.4877
1064,0.2687
1065,0.257
1066,0.077
1067,0.2553
1068,0.1711
1069,0.4806
1070,0.2368
1071,0.4937
1072,0.3101
1073,0.3103
1074,0.0449
1075,0.3301
1076,0.0153
1077,0.4403
1078,0.2883
1079,0.3642
1080,0.3216
1081,0.2517
1082,0.2043
1083,0.0494
1084,0.0036
1085,0.4027
1086,0.2634
1087,0.4931
1088,0.3415
1089,0.4218
1090,0.2145
1091,0.2946
1092,0.2881
1093,0.2958
1094,0.4749
1095,0.0884
1096,0.2441
1097,0.3673
1098,0.0343
1099,0.1258
1100,0.2851
1101,0.2338
1102,0.2371
1103,0.3798
1104,0.188
1105,0.3187
1106,0.3515
1107,0.1557
1108,0.1065
1109,0.4483
1110,0.3766
1111,0.356
1112,0.4346
1113,0.1793
1114,0.1569
1115,0.0876
1116,0.3993
1117,0.1594
1118,0.0037
1119,0.3073
1120,0.3883
1121,0.3712
1122,0.3982
1123,0.2148
1124,0.4389
1125,0.4046
1126,0.443
1127,0.1186
1128,0.1207
1129,0.1763
1130,0.2426
1131,0.1682
1132,0.1776
1133,0.1195
1134,0.043
1135,0.4882
1136,0.0794
1137,0.1902
1138,0.1725
1139,0.3081
1140,0.3067
1141,0.0093
1142,0.0089
1143,0.2756
1144,0.2793
1145,0.3984
1146,0.185
1147,0.4556
1148,0.4138
1149,0.1647
1150,0.4383
1151,0.3685
1152,0.0381
1153,0.3937
1154,0.4383
1155,0.105
1156,0.4114
1157,0.4101
1158,0.4453
1159,0.232
1160,0.4187
1161,0.1036
1162,0.1482
1163,0.3544
1164,0.2134
1165,0.0754
1166,0.396
1167,0.2376
1168,0.0138
1169,0.0745
1170,0.2411
1171,0.0682
1172,0.0046
1173,0.337
1174,0.0817
1175,0.3365
1176,0.3719
1177,0.0379
1178,0.336
1179,0.3283
1180,0.0767
1181,0.0367
1182,0.4725
1183,0.2706
1184,0.4141
1185,0.1683
1186,0.4041
1187,0.3795
1188,0.2895
1189,0.4148
1190,0.3056
1191,0.2829
1192,0.0766
1193,0.2155
1194,0.013
1195,0.3604
1196,0.1887
1197,0.0438
1198,0.4196
1199,0.0834
1200,0.057
1201,0.1788
1202,0.3174
1203,0.287
1204,0.4224
1205,0.2634
1206,0.2379
1207,0.4738
1208,0.4276
1209,0.3166
1210,0.0537
1211,0.4141
1212,0.1136
1213,0.3561
1214,0.0664
1215,0.035
1216,0.3212
1217,0.4529
1218,0.0489
1219,0.0848
1220,0.4394
1221,0.2251
1222,0.2059
1223,0.4731
1224,0.1488
1225,0.3004
1226,0.1294
1227,0.1758
1228,0.0327
1229,0.2481
1230,0.3322
1231,0.1704
1232,0.2413
1233,0.3704
1234,0.4567
1235,0.0287
1236,0.0822
1237,0.4217
1238,0.4458
1239,0.3351
1240,0.1659
1241,0.3206
1242,0.2214
1243,0.1838
1244,0.2358
1245,0.135
1246,0.4093
1247,0.259
1248,0.2227
1249,0.0039
1250,0.2622
1251,0.1876
1252,0.263
1253,0.435
1254,0.1054
1255,0.0798
1256,0.1036
1257,0.497
1258,0.0919
1259,0.4649
1260,0.0176
1261,0.2059
1262,0.2756
1263,0.0693
1264,0.0503
1265,0.1409
1266,0.0575
1267,0.0475
1268,0.3237
1269,0.2564
1270,0.3959
1271,0.2445
1272,0.4948
1273,0.0804
1274,0.2436
1275,0.3217
1276,0.0321
1277,0.0342
1278,0.3213
1279,0.269
1280,0.3143
1281,0.1465
1282,0.1988
1283,0.3728
1284,0.0492
1285,0.3793
1286,0.3793
1287,0.4168
1288,0.0096
1289,0.3219
1290,0.2117
1291,0.252
1292,0.4599
1293,0.0133
1294,0.4181
1295,0.3099
1296,0.2745
1297,0.2346
1298,0.4987
1299,0.1146
1300,0.1203
1301,0.4297
1302,0.2079
1303,0.2114
1304,0.3949
1305,0.0923
1306,0.2528
1307,0.186
1308,0.2223
1309,0.1061
1310,0.1907
1311,0.1033
1312,0.0992
1313,0.0166
1314,0.0295
1315,0.4787
1316,0.469
1317,0.0497
1318,0.2527
1319,0.1067
1320,0.3511
1321,0.2943
1322,0.1024
1323,0.3518
1324,0.3224
1325,0.1721
1326,0.4859
1327,1e-04
1328,0.3134
1329,0.3133
1330,0.2999
1331,0.0135
1332,0.4291
1333,0.4845
1334,0.3436
1335,0.4784
1336,0.1392
1337,0.1902
1338,0.3749
1339,0.1755
1340,0.4922
1341,0.1954
1342,0.1436
1343,0.2244
1344,0.2922
1345,0.1701
1346,0.3217
1347,0.2015
1348,0.1197
1349,0.4196
1350,0.3664
1351,0.2893
1352,0.2778
1353,0.0389
1354,0.3449
1355,0.4201
1356,0.2303
1357,0.1474
1358,0.4135
1359,0.0596
1360,0.2706
1361,0.3648
1362,0.1362
1363,0.041
1364,0.4881
1365,0.0513
1366,0.272
1367,0.3411
1368,0.0075
1369,0.1476
1370,0.1169
1371,0.4974
1372,0.3789
1373,0.0651
1374,0.367
1375,0.1097
1376,0.3523
1377,0.0824
1378,0.3178
1379,0.2034
1380,0.3677
1381,0.3657
1382,0.4927
1383,0.4609
1384,0.361
1385,0.3092
1386,0.2716
1387,0.0607
1388,0.1132
1389,0.0207
1390,0.3288
1391,0.0442
1392,0.0341
1393,0.2943
1394,0.1327
1395,0.4676
1396,0.2762
1397,0.3814
1398,0.3357
1399,0.2685
1400,0.1425
1401,0.2469
1402,0.4572
1403,0.3935
1404,0.4326
1405,0.4296
1406,0.3612
1407,0.276
1408,0.3209
1409,0.2882
1410,0.4916
1411,0.0243
1412,0.4389
1413,0.2869
1414,0.1904
1415,0.4588
1416,0.2722
1417,0.2459
1418,0.1076
1419,0.2239
1420,0.4448
1421,0.1588
1422,0.3653
1423,0.151
1424,0.225
1425,0.2485
1426,0.3819
1427,0.4235
1428,0.4172
1429,0.1903
1430,0.4117
1431,0.2568
1432,0.4939
1433,0.4438
1434,0.1214
1435,0.2472
1436,0.3915
1437,0.1687
1438,0.3905
1439,0.0266
1440,0.0046
1441,0.1588
1442,0.4765
1443,0.0995
1444,0.1229
1445,0.1796
1446,0.3568
1447,0.1464
1448,0.1759
1449,0.4196
1450,0.1871
1451,0.0776
1452,0.3894
1453,0.384
1454,0.3431
1455,0.1119
1456,0.0722
1457,0.2075
1458,0.2336
1459,0.1676
1460,0.1388
1461,0.4153
1462,0.1185
1463,0.0493
1464,0.2669
1465,0.466
1466,0.0097
1467,0.4374
1468,0.38
1469,0.4462
1470,0.0768
1471,0.449
1472,0.0167
1473,0.2032
1474,0.2886
1475,0.1551
1476,0.1424
1477,0.2859
1478,0.2969
1479,0.0058
1480,0.0152
1481,0.0138
1482,0.4091
1483,0.116
1484,0.4546
1485,0.2159
1486,0.2631
1487,0.4362
1488,0.4945
1489,0.0729
1490,0.1916
1491,0.3271
1492,0.4617
1493,0.3667
1494,0.2142
1495,0.0031
1496,0.1286
1497,0.3713
1498,0.4188
1499,0.0546
1500,0.2202
1501,0.0315
1502,0.08
1503,0.338
1504,0.0233
1505,0.3512
1506,0.4065
1507,0.2695
1508,0.2979
1509,0.2934
1510,0.1403
1511,0.0363
1512,0.4803
1513,0.2998
1514,0.1306
1515,0.225
1516,0.3787
1517,0.0799
1518,0.1586
1519,0.3373
1520,0.1905
1521,0.0692
1522,0.4293
1523,0.3211
1524,0.1156
1525,0.1553
1526,0.289
1527,0.2874
1528,0.3734
1529,0.3044
1530,0.4398
1531,0.1155
1532,0.0408
1533,0.1563
1534,0.1005
1535,0.2005
1536,0.018
1537,0.3518
1538,0.221
1539,0.126
1540,0.0744
1541,0.301
1542,0.3102
1543,0.294
1544,0.387
1545,0.3414
1546,0.4454
1547,0.4048
1548,0.3762
1549,0.3995
1550,0.4401
1551,0.3385
1552,0.0618
1553,0.3032
1554,0.2204
1555,0.0771
1556,0.4808
1557,0.4322
1558,0.2772
1559,0.2224
1560,0.0951
1561,0.1413
1562,0.317
1563,0.1866
1564,0.0779
1565,0.2614
1566,0.0019
1567,0.4144
1568,0.2828
1569,0.1718
1570,0.0229
1571,0.4349
1572,0.1383
1573,0.4015
1574,0.2241
1575,0.3418
1576,0.0395
1577,0.2023
1578,0.451
1579,0.0121
1580,0.3565
1581,0.2798
1582,0.0223
1583,0.3964
1584,0.0532
1585,0.4262
1586,0.3397
1587,0.0107
1588,0.3405
1589,0.3406
1590,0.0569
1591,0.1639
1592,0.3555
1593,0.177
1594,0.2979
1595,0.2342
1596,0.3494
1597,0.3836
1598,0.0115
1599,0.1544
1600,0.4364
1601,0.4346
1602,0.2392
1603,0.4595
1604,0.3239
1605,0.1252
1606,0.3523
1607,0.1931
1608,0.0233
1609,0.0627
1610,0.22
1611,0.1819
1612,0.1749
1613,0.0304
1614,0.4412
1615,0.4591
1616,0.3813
1617,0.0871
1618,0.1751
1619,0.2251
1620,0.437
1621,0.0374
1622,0.2083
1623,0.367
1624,0.0209
1625,0.4163
1626,0.404
1627,0.4133
1628,0.2179
1629,0.4264
1630,0.4132
1631,0.2127
1632,0.2829
1633,0.2436
1634,0.3369
1635,0.4923
1636,0.3846
1637,0.1205
1638,0.4943
1639,0.3686
1640,0.0015
1641,0.2519
1642,0.4174
1643,0.428
1644,0.0503
1645,0.0196
1646,0.193
1647,0.3637
1648,0.4726
1649,0.1114
1650,0.0834
1651,0.2738
1652,0.4913
1653,0.2653
1654,0.3434
1655,0.4088
1656,0.3261
1657,0.2432
1658,0.105
1659,0.0804
1660,0.0326
1661,0.4099
1662,0.4417
1663,0.0856
1664,0.2431
1665,0.4609
1666,0.3511
1667,0.452
1668,0.3699
1669,0.1554
1670,0.3518
1671,0.1131
1672,0.4389
1673,0.3928
1674,0.0764
1675,0.1232
1676,0.1297
1677,0.1614
1678,0.4052
1679,0.3576
1680,0.065
1681,0.3946
1682,0.491
1683,0.3642
1684,0.4153
1685,0.4677
1686,0.1013
1687,0.4061
1688,0.3743
1689,0.048
1690,0.4166
1691,0.4525
1692,0.0704
1693,0.0453
1694,0.0803
1695,0.3423
1696,0.0402
1697,0.3743
1698,0.1583
1699,0.0661
1700,0.3889
1701,0.2143
1702,0.4125
1703,0.097
1704,0.0419
1705,0.1078
1706,0.1849
1707,0.3809
1708,0.422
1709,0.4001
1710,0.2475
1711,0.4407
1712,0.1915
1713,0.3777
1714,0.0202
1715,0.2341
1716,0.455
1717,0.1783
1718,0.4971
1719,0.089
1720,0.3866
1721,0.0436
1722,0.201
1723,0.0108
1724,0.2314
1725,0.4036
1726,0.2521
1727,0.3195
1728,0.2091
1729,0.2452
1730,0.244
1731,0.4295
1732,0.0683
1733,0.1845
1734,0.1455
1735,0.2046
1736,0.3127
1737,0.4485
1738,0.2498
1739,0.3325
1740,0.4003
1741,0.0469
1742,0.2604
1743,0.1223
1744,0.1449
1745,0.444
1746,0.3325
1747,0.3169
1748,0.197
1749,0.0592
1750,0.0034
1751,0.0014
1752,0.08
1753,0.0101
1754,0.343
1755,0.4269
1756,0.0354
1757,0.4437
1758,0.4399
1759,0.4573
1760,0.2956
1761,0.4063
1762,0.4849
1763,0.2696
1764,0.4603
1765,0.2727
1766,0.4543
1767,0.3493
1768,0.2733
1769,0.1481
1770,0.2395
1771,0.4118
1772,0.4314
1773,0.244
1774,0.2479
1775,0.2201
1776,0.0146
1777,0.1016
1778,0.3261
1779,0.3584
1780,0.438
1781,0.2909
1782,0.2487
1783,0.2748
1784,0.1771
1785,0.0118
1786,0.0789
1787,0.3907
1788,0.1753
1789,0.2676
1790,0.0034
1791,0.3227
1792,0.4144
1793,0.1113
1794,0.2251
1795,0.3318
1796,0.4709
1797,0.0465
1798,0.1158
1799,0.1731
1800,0.3209
1801,0.2556
1802,0.2556
1803,0.2502
1804,0.1293
1805,0.4197
1806,0.3671
1807,0.2957
1808,0.4745
1809,0.3881
1810,0.0532
1811,0.2776
1812,0.4212
1813,0.2599
1814,0.3603
1815,0.1829
1816,0.2551
1817,0.4645
1818,0.0433
1819,0.3396
1820,0.2649
1821,0.3014
1822,0.3542
1823,0.3483
1824,0.2666
1825,0.2122
1826,0.384
1827,0.4624
1828,0.2502
1829,0.2771
1830,0.4707
1831,0.3945
1832,0.1956
1833,0.1432
1834,0.0432
1835,0.12
1836,0.1183
1837,0.0972
1838,0.3428
1839,0.1799
1840,0.2011
1841,0.441
1842,0.0664
1843,0.4466
1844,0.2865
1845,0.4508
1846,0.0138
1847,0.3582
1848,0.4757
1849,0.4863
1850,0.2493
1851,0.0433
1852,0.1185
1853,0.2428
1854,0.0077
1855,0.0601
1856,0.3332
1857,0.4346
1858,0.1341
1859,0.2874
1860,0.3485
1861,0.2458
1862,0.1727
1863,0.3529
1864,0.159
1865,0.2368
1866,0.3408
1867,0.2786
1868,0.0719
1869,0.4955
1870,0.3821
1871,0.3535
1872,0.2614
1873,0.3986
1874,0.296
1875,0.4693
1876,0.3313
1877,0.4273
1878,0.3256
1879,0.0031
1880,0.0049
1881,0.0469
1882,0.324
1883,0.0125
1884,0.001
1885,0.2618
1886,0.1582
1887,0.1727
1888,0.1813
1889,0.4528
1890,0.3691
1891,0.3296
1892,0.1934
1893,0.3906
1894,0.1287
1895,0.4385
1896,0.0126
1897,0.0155
1898,0.2673
1899,0.094
1900,0.1886
1901,0.2485
1902,0.1785
1903,0.2415
1904,0.1919
1905,0.2087
1906,0.0013
1907,0.1519
1908,0.2762
1909,0.0546
1910,0.3827
1911,0.2563
1912,0.0301
1913,0.3408
1914,0.4358
1915,0.4187
1916,0.4881
1917,0.1068
1918,0.487
1919,0.1585
1920,0.1802
1921,0.103
1922,0.3776
1923,0.0011
1924,0.214
1925,0.0271
1926,0.1497
1927,0.0823
1928,0.0097
1929,0.1955
1930,0.3998
1931,0.3718
1932,0.4942
1933,0.4759
1934,0.1857
1935,0.3261
1936,0.0833
1937,0.3197
1938,0.0531
1939,0.1086
1940,0.1108
1941,0.4189
1942,0.2425
1943,0.379
1944,0.3715
1945,0.4263
1946,0.0549
1947,0.0683
1948,0.2061
1949,0.1277
1950,0.0726
1951,0.3395
1952,0.3968
1953,0.2817
1954,0.135
1955,0.3283
1956,0.4792
1957,0.3957
1958,0.3818
1959,0.3864
1960,0.3852
1961,0.0256
1962,0.4724
1963,0.1485
1964,0.1432
1965,0.2175
1966,0.34
1967,0.0306
1968,0.2986
1969,0.4397
1970,0.3831
1971,0.0086
1972,0.319
1973,0.4916
1974,0.35
1975,0.2363
1976,0.1023
1977,0.3289
1978,0.3672
1979,0.4068
1980,0.2713
1981,0.0528
1982,0.4306
1983,0.0726
1984,0.283
1985,0.2
1986,0.4992
1987,0.4589
1988,0.1319
1989,0.4762
1990,0.0124
1991,0.474
1992,0.3605
1993,0.0925
1994,0.3113
1995,0.4243
1996,0.2218
1997,0.4822
1998,0.1306
1999,0.1322
2000,0.4422
2001,0.1989
2002,0.3049
2003,0.119
2004,0.43
2005,0.1735
2006,0.3974
2007,0.344
2008,0.0828
2009,0.1248
2010,0.019
2011,0.4332
2012,0.2916
2013,0.2349
2014,0.2808
2015,0.1826
2016,0.2956
2017,0.2207
2018,0.407
2019,0.3279
2020,0.1643
2021,0.0223
2022,0.2042
2023,0.03
2024,0.0945
2025,0.2582
2026,0.1383
2027,0.1514
2028,0.1576
2029,0.0388
2030,0.4805
2031,0.2079
2032,0.0543
2033,0.0801
2034,0.4426
2035,0.439
2036,0.4666
2037,0.169
2038,0.3987
2039,0.44
2040,0.237
2041,0.0421
2042,0.4595
2043,0.4082
2044,0.3316
2045,0.1133
2046,0.1468
2047,0.2141
2048,0.4779
2049,0.3333
2050,0.1605
2051,0.4025
2052,0.3151
2053,0.069
2054,0.4807
2055,0.0664
2056,0.0531
2057,0.0825
2058,0.4732
2059,0.1177
2060,0.1801
2061,0.2752
2062,0.1697
2063,0.1726
2064,0.4756
2065,0.0417
2066,0.3276
2067,0.3244
2068,0.3194
2069,0.154
2070,0.3798
2071,0.0331
2072,0.0561
2073,0.4742
2074,0.1245
2075,0.2508
2076,0.3854
2077,0.0277
2078,0.4835
2079,0.406
2080,0.3058
2081,0.1963
2082,0.3769
2083,0.3571
2084,0.1428
2085,0.118
2086,0.1046
2087,0.237
2088,0.4688
2089,0.1639
2090,0.072
2091,0.4328
2092,0.0364
2093,0.0638
2094,0.038
2095,0.1979
2096,0.0953
2097,0.0912
2098,0.1075
2099,0.02
2100,0.45
2101,0.0294
2102,0.2786
2103,0.1795
2104,0.0611
2105,0.3636
2106,0.2936
2107,0.4329
2108,0.2109
2109,0.1459
2110,0.3734
2111,0.2329
2112,0.2264
2113,0.286
2114,0.3449
2115,0.2354
2116,0.4444
2117,0.4293
2118,0.1746
2119,0.1468
2120,0.2451
2121,0.2272
2122,0.1716
2123,0.2794
2124,0.461
2125,0.4568
2126,0.1665
2127,0.2412
2128,0.2535
2129,0.0572
2130,0.4833
2131,0.3906
2132,0.1454
2133,0.0207
2134,0.4772
2135,0.3358
2136,0.4126
2137,0.2011
2138,0.3332
2139,0.0843
2140,0.0609
2141,0.1443
2142,0.1624
2143,0.0413
2144,0.2715
2145,0.4101
2146,0.1203
2147,0.3808
2148,0.3605
2149,0.0943
2150,0.0636
2151,0.0966
2152,0.2583
2153,0.1149
2154,0.3789
2155,0.1869
2156,0.3142
2157,0.3041
2158,0.3747
2159,0.1201
2160,0.203
2161,0.3025
2162,0.2605
2163,0.267
2164,0.0574
2165,0.4633
2166,0.288
2167,0.0826
2168,0.4651
2169,0.4431
2170,0.0884
2171,0.0895
2172,0.4637
2173,0.2029
2174,0.4686
2175,0.1401
2176,0.0881
2177,0.1644
2178,0.3893
2179,0.306
2180,0.1295
2181,0.4379
2182,0.0623
2183,0.4587
2184,0.3012
2185,0.2321
2186,0.1716
2187,0.3593
2188,0.2319
2189,0.2827
2190,0.306
2191,0.3415
2192,0.419
2193,0.208
2194,0.162
2195,0.3803
2196,0.2805
2197,0.3177
2198,0.0324
2199,0.4139
2200,0.0719
2201,0.3243
2202,0.0473
2203,0.0163
2204,0.2109
2205,0.0941
2206,0.2812
2207,0.1079
2208,0.274
2209,0.4785
2210,0.4488
2211,0.1266
2212,0.2035
2213,0.3927
2214,0.0476
2215,0.1323
2216,0.0617
2217,0.0551
2218,0.4893
2219,0.3977
2220,0.445
2221,0.0368
2222,0.1661
2223,0.0777
2224,0.1931
2225,0.3155
2226,0.2431
2227,0.0697
2228,0.1913
2229,0.1569
2230,0.2177
2231,0.2623
2232,0.1547
2233,0.0498
2234,0.0417
2235,0.4222
2236,0.0425
2237,0.0627
2238,0.3914
2239,0.4241
2240,0.3411
2241,0.2652
2242,0.1746
2243,0.1955
2244,0.2475
2245,0.0854
2246,0.0029
2247,0.2724
2248,0.0644
2249,0.3715
2250,0.463
2251,0.4344
2252,0.3623
2253,0.2266
2254,0.1381
2255,0.0588
2256,0.3355
2257,0.1584
2258,0.0848
2259,0.3873
2260,0.3893
2261,0.4765
2262,0.4329
2263,0.0885
2264,0.2935
2265,0.3238
2266,0.4873
2267,0.3599
2268,0.1071
2269,0.4841
2270,0.3474
2271,0.4352
2272,0.0504
2273,0.4122
2274,0.276
2275,0.3599
2276,0.4945
2277,0.3904
2278,0.2986
2279,0.3668
2280,0.0323
2281,0.2871
2282,0.4397
2283,0.3709
2284,0.3518
2285,0.2569
2286,0.3149
2287,0.004
2288,0.1702
2289,0.3993
2290,0.3216
2291,0.1279
2292,0.4966
2293,0.2338
2294,0.1979
2295,0.3201
2296,0.0985
2297,0.3919
2298,0.3242
2299,0.4672
2300,0.1635
2301,0.2369
2302,0.2201
2303,0.0888
2304,0.4598
2305,0.2463
2306,0.0763
2307,0.4373
2308,0.1509
2309,0.2891
2310,0.265
2311,0.2455
2312,0.0274
2313,0.0211
2314,0.185
2315,0.1248
2316,0.2254
2317,0.3167
2318,0.4626
2319,0.2353
2320,0.1177
2321,0.4522
2322,0.0142
2323,0.3964
2324,0.4752
2325,0.0854
2326,0.3862
2327,0.176
2328,0.1571
2329,0.0054
2330,0.1331
2331,0.4243
2332,0.4492
2333,0.4313
2334,0.1515
2335,0.4669
2336,0.2781
2337,0.1949
2338,0.3662
2339,0.0853
2340,0.4952
2341,0.4249
2342,0.0799
2343,0.3521
2344,0.2909
2345,0.3929
2346,0.4005
2347,0.2382
2348,0.0777
2349,0.0858
2350,0.1803
2351,0.1704
2352,0.453
2353,0.3543
2354,0.4643
2355,0.3748
2356,0.4148
2357,0.1336
2358,0.1044
2359,0.0955
2360,0.3561
2361,0.341
2362,0.3397
2363,0.0852
2364,0.1187
2365,0.2916
2366,0.0099
2367,0.2674
2368,0.2074
2369,0.4557
2370,0.0133
2371,0.22
2372,0.4629
2373,0.2338
2374,0.1885
2375,0.2994
2376,0.4685
2377,0.2495
2378,0.4565
2379,0.094
2380,0.3099
2381,0.0583
2382,0.4701
2383,0.402
2384,0.22
2385,0.3085
2386,0.2039
2387,0.466
2388,0.401
2389,0.4809
2390,0.1517
2391,0.4928
2392,0.2277
2393,0.4433
2394,0.1331
2395,0.0819
2396,0.3145
2397,0.3586
2398,0.3194
2399,0.2023
2400,0.2652
2401,0.0927
2402,0.396
2403,0.3782
2404,0.1996
2405,0.2466
2406,0.1143
2407,0.3547
2408,0.1448
2409,0.0917
2410,0.1397
2411,0.1134
2412,0.0276
2413,0.0834
2414,0.1484
2415,0.225
2416,0.1513
2417,0.0817
2418,0.4966
2419,0.3333
2420,0.3312
2421,0.3245
2422,0.1443
2423,0.1887
2424,0.4699
2425,0.4613
2426,0.2493
2427,0.4963
2428,0.1672
2429,0.3613
2430,0.1862
2431,0.4101
2432,0.2055
2433,0.443
2434,0.3251
2435,0.4273
2436,0.2302
2437,0.1656
2438,0.3103
2439,0.1653
2440,0.1091
2441,0.2066
2442,0.1372
2443,0.2779
2444,0.1453
2445,0.1738
2446,0.3657
2447,0.1609
2448,0.0634
2449,0.2701
2450,0.063
2451,0.127
2452,0.1559
2453,0.0546
2454,0.0579
2455,0.1142
2456,0.4228
2457,0.1796
2458,0.218
2459,0.0801
2460,0.2622
2461,0.3802
2462,0.2422
2463,0.473
2464,0.1156
2465,0.4726
2466,0.0867
2467,0.2208
2468,0.3516
2469,0.0287
2470,0.1254
2471,0.2742
2472,0.4717
2473,0.1132
2474,0.0389
2475,0.0209
2476,0.1641
2477,0.1099
2478,0.372
2479,0.1334
2480,0.1563
2481,0.3798
2482,0.421
2483,0.4912
2484,0.2286
2485,0.3784
2486,0.4916
2487,0.1627
2488,0.001
2489,0.2257
2490,0.0936
2491,0.4427
2492,0.1454
2493,0.002
2494,0.1407
2495,0.1754
2496,0.0134
2497,0.4137
2498,0.32
2499,0.4289
2500,0.1638
2501,0.1331
2502,0.2767
2503,0.2124
2504,0.2276
2505,0.1
2506,0.0415
2507,0.1477
2508,0.3527
2509,0.3604
2510,0.3207
2511,0.221
2512,0.1249
2513,0.2632
2514,0.2725
2515,0.0021
2516,0.0439
2517,0.3256
2518,0.0649
2519,0.1641
2520,0.0677
2521,0.0669
2522,0.1831
2523,0.0937
2524,0.1745
2525,0.4232
2526,0.3397
2527,0.4811
2528,0.0346
2529,0.3945
2530,0.1421
2531,0.1838
2532,0.2921
2533,0.1547
2534,0.4471
2535,0.0459
2536,0.3108
2537,0.3726
2538,0.3567
2539,0.0271
2540,0.4393
2541,0.138
2542,0.4133
2543,0.2481
2544,0.2772
2545,0.0838
2546,0.0815
2547,0.1998
2548,0.004
2549,0.2303
2550,0.2566
2551,0.4289
2552,0.0498
2553,0.4696
2554,0.2144
2555,0.0159
2556,0.4813
2557,0.1331
2558,0.0558
2559,0.1689
2560,0.246
2561,0.4304
2562,0.2611
2563,0.2677
2564,0.2481
2565,0.2348
2566,0.1776
2567,0.4307
2568,0.2335
2569,0.412
2570,0.1829
2571,0.2633
2572,0.1184
2573,0.054
2574,0.3119
2575,0.0234
2576,0.2699
2577,0.2059
2578,0.3278
2579,0.0828
2580,0.0633
2581,0.46
2582,0.0059
2583,0.0239
2584,0.0839
2585,0.3101
2586,0.2499
2587,0.0425
2588,0.3419
2589,0.2944
2590,0.2274
2591,0.4413
2592,0.2662
2593,0.2499
2594,0.3276
2595,0.1217
2596,0.2585
2597,0.2905
2598,0.2497
2599,0.1005
2600,0.3914
2601,0.183
2602,0.4068
2603,0.2036
2604,0.1631
2605,0.2178
2606,0.1807
2607,0.1264
2608,0.0477
2609,0.4707
2610,0.195
2611,0.1242
2612,0.38
2613,0.2571
2614,0.4663
2615,0.0606
2616,0.4686
2617,0.4576
2618,0.4176
2619,0.3491
2620,0.0612
2621,0.2915
2622,0.2456
2623,0.1491
2624,0.0404
2625,0.2594
2626,0.1986
2627,0.1418
2628,0.17
2629,0.4038
2630,0.3808
2631,0.2968
2632,0.0317
2633,0.1878
2634,0.3251
2635,0.4948
2636,0.4129
2637,0.0514
2638,0.2925
2639,0.4544
2640,0.0463
2641,0.0623
2642,0.3753
2643,0.3859
2644,0.4586
2645,0.1348
2646,0.1238
2647,0.2744
2648,0.1852
2649,0.0225
2650,0.2267
2651,0.0325
2652,0.447
2653,0.2667
2654,0.3227
2655,0.2327
2656,0.4925
2657,0.1498
2658,0.2788
2659,0.047
2660,0.4051
2661,0.2913
2662,0.1081
2663,0.2362
2664,0.055
2665,0.1473
2666,0.3763
2667,0.458
2668,0.4528
2669,0.0718
2670,0.4056
2671,0.1822
2672,0.4119
2673,0.0095
2674,0.1024
2675,0.4225
2676,0.0983
2677,0.168
2678,0.2632
2679,0.1244
2680,0.3859
2681,0.1048
2682,0.3919
2683,0.0865
2684,0.3279
2685,0.4691
2686,0.4676
2687,0.377
2688,0.1899
2689,0.2837
2690,0.1224
2691,0.483
2692,0.4553
2693,0.1609
2694,0.4934
2695,0.2075
2696,0.3747
2697,0.1918
2698,0.0908
2699,0.2628
2700,0.0139
2701,0.0887
2702,0.3107
2703,0.1682
2704,0.1788
2705,0.4285
2706,0.2974
2707,0.0409
2708,0.0958
2709,0.028
2710,0.4679
2711,0.0652
2712,0.4785
2713,0.1189
2714,0.2236
2715,0.3876
2716,0.1239
2717,0.1516
2718,0.1144
2719,0.4054
2720,0.0934
2721,0.3249
2722,0.3215
2723,0.3538
2724,0.0431
2725,0.3707
2726,0.0259
2727,0.4558
2728,0.2468
2729,0.1387
2730,0.0262
2731,0.134
2732,0.3279
2733,0.1608
2734,0.3236
2735,0.0101
2736,0.0089
2737,0.279
2738,0.4447
2739,0.3767
2740,0.0563
2741,0.0583
2742,0.1065
2743,0.0541
2744,0.0918
2745,0.003
2746,0.1978
2747,0.1696
2748,0.1332
2749,0.2677
2750,0.1386
2751,0.3037
2752,0.1599
2753,0.2133
2754,0.086
2755,0.2115
2756,0.1217
2757,0.1437
2758,0.3122
2759,0.3922
2760,0.4845
2761,0.386
2762,0.3192
2763,0.4069
2764,0.2963
2765,0.4158
2766,0.46
2767,0.2972
2768,0.332
2769,0.1203
2770,0.2851
2771,0.4405
2772,0.3283
2773,0.3494
2774,0.286
2775,0.0626
2776,0.0213
2777,0.2263
2778,0.1469
2779,0.4774
2780,0.1153
2781,0.1514
2782,0.3643
2783,0.2803
2784,0.3424
2785,0.1023
2786,0.2667
2787,0.1009
2788,0.1833
2789,0.4932
2790,0.367
2791,0.1938
2792,0.4984
2793,0.4558
2794,0.2638
2795,0.1597
2796,0.1132
2797,0.4053
2798,0.1388
2799,0.4521
2800,0.0687
2801,0.1323
2802,0.0756
2803,0.0843
2804,0.3546
2805,0.11
2806,0.2973
2807,0.2742
2808,0.1136
2809,0.4368
2810,0.1065
2811,0.1201
2812,0.1466
2813,0.4386
2814,0.2879
2815,0.2401
2816,0.4719
2817,0.4365
2818,0.4767
2819,0.0702
2820,0.1794
2821,0.0925
2822,0.411
2823,0.0283
2824,0.0243
2825,0.2085
2826,0.269
2827,0.1311
2828,0.3664
2829,0.3861
2830,0.3095
2831,0.2154
2832,0.0618
2833,0.2768
2834,0.3789
2835,0.2339
2836,0.231
2837,0.106
2838,0.1972
2839,0.2443
2840,0.1111
2841,0.068
2842,0.2441
2843,0.2502
2844,0.3257
2845,0.3431
2846,0.1694
2847,0.4952
2848,0.2754
2849,0.2346
2850,0.2374
2851,0.4626
2852,0.3943
2853,0.4527
2854,0.2038
2855,0.2655
2856,0.4335
2857,0.0915
2858,0.4939
2859,0.4039
2860,0.0357
2861,0.0399
2862,0.1378
2863,0.063
2864,0.157
2865,0.2373
2866,0.2014
2867,0.1132
2868,0.4228
2869,0.0743
2870,0.0042
2871,0.2327
2872,0.0307
2873,0.2233
2874,0.2015
2875,0.138
2876,0.1254
2877,0.1472
2878,0.4947
2879,0.287
2880,0.4423
2881,0.2907
2882,0.2909
2883,0.1466
2884,0.4921
2885,0.3888
2886,0.2102
2887,0.1634
2888,0.0075
2889,0.1933
2890,0.1964
2891,0.463
2892,0.3713
2893,0.4633
2894,0.4792
2895,0.3395
2896,0.3086
2897,0.3884
2898,0.174
2899,0.1247
2900,0.3943
2901,0.2771
2902,0.4105
2903,0.3607
2904,0.1475
2905,0.3624
2906,0.259
2907,0.0566
2908,0.224
2909,0.281
2910,0.368
2911,0.465
2912,0.1167
2913,0.4274
2914,0.0361
2915,0.1796
2916,0.3372
2917,0.4602
2918,0.0024
2919,0.366
2920,0.155
2921,0.0506
2922,0.4496
2923,0.0685
2924,0.4201
2925,0.4138
2926,0.4321
2927,0.1988
2928,0.0862
2929,0.2946
2930,0.074
2931,0.0674
2932,0.1086
2933,0.0379
2934,0.1892
2935,0.0156
2936,0.1333
2937,0.3328
2938,0.4404
2939,0.3077
2940,0.485
2941,0.2712
2942,0.4892
2943,0.1931
2944,0.4127
2945,0.4125
2946,0.0708
2947,0.4055
2948,0.2597
2949,0.451
2950,0.0373
2951,0.2236
2952,0.0477
2953,0.3396
2954,0.156
2955,0.3906
2956,0.1155
2957,0.1999
2958,0.2695
2959,0.195
2960,0.3289
2961,0.425
2962,0.2468
2963,0.2954
2964,0.0981
2965,0.3973
2966,0.04
2967,0.2607
2968,0.3865
2969,0.3217
2970,0.1212
2971,0.272
2972,0.0725
2973,0.0385
2974,0.0872
2975,0.0581
2976,0.1241
2977,0.3972
2978,0.4644
2979,0.1018
2980,0.0269
2981,0.1355
2982,0.4957
2983,0.2654
2984,0.0515
2985,0.0436
2986,0.3521
2987,0.4778
2988,0.3996
2989,0.38
2990,0.3383
2991,0.1403
2992,0.3807
2993,0.4877
2994,0.2415
2995,0.0728
2996,0.107
2997,0.4465
2998,0.0057
2999,0.4363
3000,0.2174
3001,0.0743
3002,0.1646
3003,0.2774
3004,0.4216
3005,0.431
3006,0.1077
3007,0.2192
3008,0.2079
3009,0.2462
3010,0.2006
3011,0.3066
3012,0.0021
3013,0.1865
3014,0.3656
3015,0
3016,0.0246
3017,0.3465
3018,0.18
3019,0.3258
3020,0.0757
3021,0.0873
3022,0.4999
3023,0.2519
3024,0.1707
3025,0.3787
3026,0.2717
3027,0.1149
3028,0.4019
3029,0.39
3030,0.2781
3031,0.4082
3032,0.3676
3033,0.3522
3034,0.292
3035,0.1219
3036,0.2647
3037,0.1596
3038,0.1012
3039,0.3716
3040,0.0207
3041,0.2608
3042,0.0667
3043,0.3848
3044,0.3838
3045,0.4022
3046,0.0025
3047,0.0526
3048,0.037
3049,0.3053
3050,0.3912
3051,0.0369
3052,0.3754
3053,0.0045
3054,0.3529
3055,0.0339
3056,0.0371
3057,0.4446
3058,0.3649
3059,0.4556
3060,0.0059
3061,0.0664
3062,0.2534
3063,0.4296
3064,0.1404
3065,0.4411
3066,0.124
3067,0.4358
3068,0.464
3069,0.1791
3070,0.2796
3071,0.4527
3072,0.0558
3073,0.3351
3074,0.481
3075,0.1535
3076,0.1154
3077,0.4286
3078,0.021
3079,0.2917
3080,0.4385
3081,0.0012
3082,0.3452
3083,0.4402
3084,0.0222
3085,0.3542
3086,0.3199
3087,0.1924
3088,0.0083
3089,0.4265
3090,0.0689
3091,0.0456
3092,0.1621
3093,0.3186
3094,0.3957
3095,0.4268
3096,0.2619
3097,0.398
3098,0.3832
3099,0.321
3100,0.0318
3101,0.3233
3102,0.3862
3103,0.2314
3104,0.3612
3105,0.3541
3106,0.4414
3107,0.4189
3108,2e-04
3109,0.3537
3110,0.4428
3111,0.26
3112,0.1728
3113,0.4285
3114,0.0192
3115,0.3043
3116,0.4104
3117,0.4772
3118,0.1291
3119,0.4688
3120,0.0977
3121,0.1031
3122,0.1205
3123,0.0538
3124,0.0442
3125,0.2834
3126,0.0438
3127,0.3737
3128,0.0033
3129,0.4517
3130,0.056
3131,0.2165
3132,0.1235
3133,0.4531
3134,0.3273
3135,0.3604
3136,0.1479
3137,0.3881
3138,0.389
3139,0.439
3140,0.1795
3141,0.4647
3142,0.1928
3143,0.4466
3144,0.3883
3145,0.3459
3146,0.307
3147,0.4221
3148,0.3769
3149,0.496
3150,0.1775
3151,0.4006
3152,0.1499
3153,0.204
3154,0.3245
3155,0.3547
3156,0.1595
3157,0.1357
3158,0.0727
3159,0.3913
3160,0.0141
3161,0.3133
3162,0.4981
3163,0.476
3164,0.2754
3165,0.4274
3166,0.4819
3167,0.4945
3168,0.4019
3169,0.2086
3170,0.1932
3171,0.3471
3172,0.1738
3173,0.2163
3174,0.1866
3175,0.2237
3176,0.187
3177,0.0135
3178,0.3696
3179,0.1442
3180,0.2641
3181,0.2438
3182,0.0507
3183,0.32
3184,0.444
3185,0.4363
3186,0.4795
3187,0.446
3188,0.4662
3189,0.1526
3190,0.3207
3191,0.1294
3192,0.4967
3193,0.4636
3194,0.4746
3195,0.0734
3196,0.3325
3197,0.0605
3198,0.4978
3199,0.4242
3200,0.1455
3201,0.2041
3202,0.1681
3203,0.2228
3204,0.1768
3205,0.4829
3206,0.2146
3207,0.0478
3208,0.037
3209,0.1483
3210,0.4509
3211,0.3314
3212,0.4588
3213,0.2993
3214,0.3486
3215,0.2261
3216,0.0231
3217,0.321
3218,0.0088
3219,0.1037
3220,0.3215
3221,0.1769
3222,0.0958
3223,0.4172
3224,0.3086
3225,0.075
3226,0.1317
3227,0.2616
3228,0.166
3229,0.1345
3230,0.084
3231,0.109
3232,0.0286
3233,0.2686
3234,0.2268
3235,0.1142
3236,0.4716
3237,0.0507
3238,0.0391
3239,0.0475
3240,0.3109
3241,0.487
3242,0.4295
3243,0.4209
3244,0.0306
3245,0.0296
3246,0.2321
3247,0.4408
3248,0.3991
3249,0.2192
3250,0.45
3251,0.0057
3252,0.3184
3253,0.3904
3254,0.4172
3255,0.3477
3256,0.2553
3257,0.3314
3258,0.2446
3259,0.1793
3260,0.3017
3261,0.2214
3262,0.251
3263,0.4158
3264,0.2124
3265,0.0126
3266,0.3262
3267,0.1619
3268,0.1916
3269,0.1435
3270,0.2993
3271,0.0805
3272,0.1645
3273,0.2822
3274,0.1195
3275,0.2222
3276,0.4672
3277,0.1672
3278,0.4518
3279,0.3961
3280,0.478
3281,0.3543
3282,0.0879
3283,0.0109
3284,0.2518
3285,0.4832
3286,0.1762
3287,0.2
3288,0.3021
3289,0.1679
3290,0.416
3291,0.4348
3292,0.4676
3293,0.3364
3294,0.3952
3295,0.0677
3296,0.3944
3297,0.2051
3298,0.1535
3299,0.3669
3300,0.2003
3301,0.2532
3302,0.3946
3303,0.3524
3304,0.0783
3305,0.4242
3306,0.0773
3307,0.3523
3308,0.3577
3309,1e-04
3310,0.1229
3311,0.3066
3312,0.4013
3313,0.4043
3314,0.4281
3315,0.2245
3316,0.0117
3317,0.4052
3318,0.0737
3319,0.4656
3320,0.3155
3321,0.2813
3322,0.4042
3323,0.3899
3324,0.3266
3325,0.3925
3326,0.3029
3327,0.4422
3328,0.153
3329,0.0994
3330,0.0442
3331,0.4415
3332,0.2478
3333,0.3774
3334,0.4037
3335,0.4933
3336,0.381
3337,0.1061
3338,0.1088
3339,0.0574
3340,0.203
3341,0.446
3342,0.1862
3343,0.3446
3344,0.0718
3345,0.4446
3346,0.4699
3347,0.1251
3348,0.1195
3349,0.1941
3350,0.2436
3351,0.0325
3352,0.4655
3353,0.358
3354,0.4883
3355,0.2156
3356,0.2236
3357,0.3879
3358,0.2751
3359,0.082
3360,0.0763
3361,0.3495
3362,0.1169
3363,0.3096
3364,0.1003
3365,0.1328
3366,0.1353
3367,0.4859
3368,0.373
3369,0.0321
3370,0.0738
3371,0.3388
3372,0.1724
3373,0.4427
3374,0.2414
3375,0.1091
3376,0.0322
3377,0.247
3378,0.4657
3379,0.1817
3380,0.491
3381,0.4286
3382,0.1655
3383,0.392
3384,0.3343
3385,0.0511
3386,0.1788
3387,0.1398
3388,0.3551
3389,0.2248
3390,0.409
3391,0.0026
3392,0.2635
3393,0.4041
3394,0.3298
3395,0.3522
3396,0.0531
3397,0.2537
3398,0.4698
3399,0.2906
3400,0.1658
3401,0.0904
3402,0.3938
3403,0.396
3404,0.1208
3405,0.4676
3406,0.4914
3407,0.2608
3408,0.2891
3409,0.4906
3410,0.3388
3411,0.4144
3412,0.3266
3413,0.4343
3414,0.1647
3415,0.4972
3416,0.0773
3417,0.293
3418,0.4264
3419,0.1141
3420,0.4258
3421,0.2757
3422,0.0321
3423,0.4726
3424,0.0384
3425,0.3585
3426,0.023
3427,0.3397
3428,0.3682
3429,0.1895
3430,0.2811
3431,0.4762
3432,0.0148
3433,0.255
3434,0.441
3435,0.4695
3436,0.3996
3437,0.4421
3438,0.1204
3439,0.2499
3440,0.2033
3441,0.0517
3442,0.3405
3443,0.3927
3444,0.23
3445,0.4001
3446,0.3645
3447,0.4089
3448,0.384
3449,0.479
3450,0.3643
3451,0.3947
3452,0.1767
3453,0.3475
3454,0.3677
3455,0.3729
3456,0.255
3457,0.2023
3458,0.165
3459,0.4128
3460,0.3555
3461,0.1541
3462,0.0234
3463,0.4871
3464,0.3788
3465,0.4527
3466,0.2274
3467,0.0165
3468,0.4035
3469,0.3658
3470,0.367
3471,0.318
3472,0.2136
3473,0.0232
3474,0.0602
3475,0.2842
3476,0.2534
3477,0.0259
3478,0.1641
3479,0.2448
3480,0.1817
3481,0.0769
3482,0.1074
3483,0.1611
3484,0.4824
3485,0.1123
3486,0.4208
3487,0.1153
3488,0.1169
3489,0.4245
3490,0.0183
3491,0.2802
3492,0.483
3493,0.4177
3494,0.0681
3495,0.0904
3496,0.2199
3497,0.1152
3498,0.0017
3499,0.0576
3500,0.0563
3501,0.4271
3502,0.4261
3503,0.4419
3504,0.1096
3505,0.2797
3506,0.1947
3507,0.318
3508,0.3955
3509,0.3477
3510,0.1454
3511,0.4188
3512,0.1059
3513,0.0805
3514,0.2501
3515,0.2884
3516,0.3742
3517,0.301
3518,0.2071
3519,0.4241
3520,0.0192
3521,0.2828
3522,0.0516
3523,0.1743
3524,0.3444
3525,0.0397
3526,0.1522
3527,0.1232
3528,0.4039
3529,0.0715
3530,0.1461
3531,0.1896
3532,0.0813
3533,0.0813
3534,0.0693
3535,0.0333
3536,0.2714
3537,0.1462
3538,0.0474
3539,0.1987
3540,0.2202
3541,0.0144
3542,0.4717
3543,0.3153
3544,0.2093
3545,0.3672
3546,0.4638
3547,0.0939
3548,0.3037
3549,0.4669
3550,0.1665
3551,0.1954
3552,0.0313
3553,0.4074
3554,0.2848
3555,0.1439
3556,0.3932
3557,0.1063
3558,0.4394
3559,0.0305
3560,0.2192
3561,0.1159
3562,0.468
3563,0.0202
3564,0.1237
3565,0.3545
3566,0.3075
3567,0.4255
3568,0.1472
3569,0.2958
3570,0.0369
3571,0.4938
3572,0.4549
3573,0.2867
3574,0.1802
3575,0.2478
3576,0.0602
3577,0.3597
3578,0.2068
3579,0.3774
3580,0.4446
3581,0.0479
3582,0.1029
3583,0.1104
3584,0.1486
3585,0.4365
3586,0.2806
3587,0.4494
3588,0.214
3589,0.3947
3590,0.4025
3591,0.0927
3592,0.4653
3593,0.1085
3594,0.1595
3595,0.154
3596,0.4502
3597,0.3534
3598,0.2588
3599,0.1172
3600,0.3606
3601,0.002
3602,0.2154
3603,0.0451
3604,0.22
3605,0.4747
3606,0.2672
3607,0.3722
3608,0.4809
3609,0.4645
3610,0.2648
3611,0.1804
3612,0.4222
3613,0.3262
3614,0.1018
3615,0.4549
3616,0.1061
3617,0.0202
3618,0.4549
3619,0.4532
3620,0.4553
3621,0.1864
3622,0.0304
3623,0.2538
3624,0.0214
3625,0.3952
3626,0.0575
3627,0.0059
3628,0.2156
3629,0.2566
3630,0.3689
3631,0.1253
3632,0.1355
3633,0.0044
3634,0.3963
3635,0.2889
3636,0.1422
3637,0.4241
3638,0.113
3639,0.2006
3640,0.2942
3641,0.2589
3642,0.4679
3643,0.0358
3644,0.1489
3645,0.3147
3646,0.2214
3647,0.4717
3648,0.2518
3649,0.1624
3650,0.0142
3651,0.1291
3652,0.244
3653,0.3033
3654,0.2805
3655,0.3631
3656,0.333
3657,0.0078
3658,0.4484
3659,0.4596
3660,0.1522
3661,0.3884
3662,0.4813
3663,0.4279
3664,0.341
3665,0.0726
3666,0.0927
3667,0.2622
3668,0.3797
3669,0.0285
3670,0.2478
3671,0.436
3672,0.0347
3673,0.0861
3674,0.4154
3675,0.0926
3676,0.2641
3677,0.1426
3678,0.2089
3679,0.4292
3680,0.2098
3681,0.1437
3682,0.2726
3683,0.4
3684,0.1177
3685,0.489
3686,0.343
3687,0.1491
3688,0.0585
3689,0.0677
3690,0.4394
3691,0.3088
3692,0.2142
3693,0.2419
3694,0.383
3695,0.4877
3696,0.4395
3697,0.389
3698,0.4315
3699,0.0244
3700,0.4633
3701,0.1026
3702,0.2193
3703,0.4332
3704,0.4246
3705,0.1007
3706,0.3489
3707,0.4466
3708,0.002
3709,0.0842
3710,0.2431
3711,0.2107
3712,0.1485
3713,0.0888
3714,0.2412
3715,0.4306
3716,0.2351
3717,0.0408
3718,0.0026
3719,0.2869
3720,0.0544
3721,0.27
3722,0.2338
3723,0.2895
3724,0.0082
3725,0.3652
3726,0.1899
3727,0.3992
3728,0.0352
3729,0.2839
3730,0.3842
3731,0.0213
3732,0.1605
3733,0.2483
3734,0.1546
3735,0.4945
3736,0.2053
3737,0.2485
3738,0.0682
3739,0.1309
3740,0.3392
3741,0.2431
3742,0.1091
3743,0.4593
3744,0.1423
3745,0.296
3746,0.0582
3747,0.1624
3748,0.0367
3749,0.2207
3750,0.1784
3751,0.4486
3752,0.3069
3753,0.1829
3754,0.0172
3755,0.3773
3756,0.4977
3757,0.0155
3758,0.135
3759,0.3977
3760,0.2961
3761,0.1174
3762,0.1895
3763,0.1397
3764,0.4454
3765,0.3124
3766,0.2425
3767,0.3719
3768,0.1453
3769,0.2994
3770,0.1369
3771,0.3255
3772,0.371
3773,0.3487
3774,0.1482
3775,0.4292
3776,0.2623
3777,0.2562
3778,0.3646
3779,0.2453
3780,0.2854
3781,0.2419
3782,0.1922
3783,0.0598
3784,0.1854
3785,0.2178
3786,0.2255
3787,0.3658
3788,0.3841
3789,0.2831
3790,0.4098
3791,0.2876
3792,0.1354
3793,0.3735
3794,0.0753
3795,0.0617
3796,0.2813
3797,0.4653
3798,0.0141
3799,0.0184
3800,0.1609
3801,0.295
3802,0.2591
3803,0.1794
3804,0.3814
3805,0.498
3806,0.0041
3807,0.2807
3808,0.02
3809,0.2895
3810,0.1527
3811,0.1035
3812,0.1692
3813,0.4637
3814,0.4462
3815,0.1015
3816,0.3423
3817,0.1504
3818,0.395
3819,0.005
3820,0.1385
3821,0.4861
3822,0.3344
3823,0.2578
3824,0.432
3825,0.2676
3826,0.2862
3827,0.0523
3828,0.0348
3829,0.0427
3830,0.4798
3831,0.2962
3832,0.4146
3833,0.3905
3834,0.1841
3835,0.1291
3836,0.1185
3837,0.1775
3838,0.3217
3839,0.4353
3840,0.0849
3841,0.0425
3842,0.0329
3843,0.3966
3844,0.3341
3845,0.2916
3846,0.099
3847,0.3818
3848,0.0976
3849,0.0561
3850,0.0368
3851,0.4988
3852,0.3234
3853,0.0334
3854,0.2865
3855,0.488
3856,0.038
3857,0.2498
3858,0.112
3859,0.2504
3860,0.1286
3861,0.3711
3862,0.4699
3863,0.2252
3864,0.0743
3865,0.3988
3866,0.1351
3867,0.0401
3868,0.3934
3869,0.4964
3870,0.2839
3871,0.1181
3872,0.3547
3873,0.2695
3874,0.14
3875,0.1008
3876,0.2944
3877,0.4986
3878,0.2719
3879,0.1449
3880,0.3994
3881,0.288
3882,0.0053
3883,0.0439
3884,0.3517
3885,0.2411
3886,0.0139
3887,0.1927
3888,0.4759
3889,0.1529
3890,0.0097
3891,0.0157
3892,0.1611
3893,0.4104
3894,0.2545
3895,0.4997
3896,0.0358
3897,0.413
3898,0.1015
3899,0.159
3900,0.0551
3901,0.3727
3902,0.0517
3903,0.396
3904,0.2236
3905,0.1508
3906,0.0447
3907,0.1865
3908,0.2355
3909,0.3104
3910,0.4628
3911,0.3891
3912,0.1791
3913,0.1036
3914,0.3939
3915,0.4911
3916,0.0891
3917,0.0129
3918,0.3012
3919,0.3986
3920,0.1689
3921,0.3548
3922,0.4861
3923,0.1904
3924,0.495
3925,0.0275
3926,0.073
3927,0.4334
3928,0.3329
3929,0.2103
3930,0.1649
3931,0.4631
3932,0.4394
3933,0.2853
3934,0.0057
3935,0.3566
3936,0.0733
3937,0.1832
3938,0.4318
3939,0.0415
3940,0.4641
3941,0.0513
3942,0.2209
3943,0.43
3944,0.1351
3945,0.3846
3946,0.3218
3947,0.3048
3948,0.1565
3949,0.41
3950,0.2546
3951,0.0142
3952,0.0103
3953,0.0401
3954,0.4613
3955,0.2323
3956,0.423
3957,0.2562
3958,0.1345
3959,0.4263
3960,0.2797
3961,0.3177
3962,0.0254
3963,0.0628
3964,0.4669
3965,0.4514
3966,0.3216
3967,0.365
3968,0.0537
3969,0.1655
3970,0.4195
3971,0.4456
3972,0.1861
3973,0.0831
3974,0.0169
3975,0.1784
3976,0.1935
3977,0.3628
3978,0.4008
3979,0.3873
3980,0.2632
3981,0.2626
3982,0.4514
3983,0.1197
3984,0.3135
3985,0.2328
3986,0.2998
3987,0.0914
3988,0.258
3989,0.4297
3990,0.1955
3991,0.2621
3992,0.2094
3993,0.3766
3994,0.0084
3995,0.061
3996,0.1586
3997,0.4547
3998,0.3803
3999,0.2347
4000,0.3447
4001,0.3194
4002,0.4678
4003,0.2215
4004,0.1203
4005,0.0927
4006,0.0099
4007,0.4993
4008,0.2127
4009,0.1038
4010,0.1731
4011,0.3911
4012,0.4049
4013,0.3969
4014,0.1733
4015,0.4944
4016,0.1085
4017,0.3402
4018,0.4816
4019,0.4578
4020,0.4782
4021,0.4384
4022,0.1833
4023,0.3984
4024,0.3305
4025,0.0552
4026,0.4212
4027,0.049
4028,0.07
4029,0.1351
4030,0.2966
4031,0.2967
4032,0.2651
4033,0.1222
4034,0.4513
4035,0.3529
4036,0.3353
4037,0.14
4038,0.0194
4039,0.104
4040,0.2236
4041,0.072
4042,0.1829
4043,0.0704
4044,0.3327
4045,0.2549
4046,0.0584
4047,0.1802
4048,0.3528
4049,0.0988
4050,0.0091
4051,0.13
4052,0.1786
4053,0.323
4054,0.4541
4055,0.2928
4056,0.2576
4057,0.4146
4058,0.3555
4059,0.2904
4060,0.3877
4061,0.2038
4062,0.2877
4063,0.2807
4064,0.3925
4065,0.2655
4066,0.0685
4067,0.4222
4068,0.4288
4069,0.3129
4070,0.0116
4071,0.0547
4072,0.1266
4073,0.2452
4074,0.2014
4075,0.2065
4076,0.1968
4077,0.0344
4078,0.3225
4079,0.2035
4080,0.3293
4081,0.2656
4082,0.3258
4083,0.0529
4084,0.3638
4085,0.3971
4086,0.124
4087,0.4523
4088,0.3577
4089,0.1145
4090,0.4603
4091,0.3433
4092,0.3438
4093,0.2353
4094,0.2488
4095,0.3566
4096,0.218
4097,0.4047
4098,0.0895
4099,0.388
4100,0.3986
4101,0.2819
4102,0.2385
4103,0.1873
4104,0.0182
4105,0.2974
4106,0.2531
4107,0.4792
4108,0.0841
4109,0.3797
4110,0.3368
4111,0.4888
4112,0.0532
4113,0.243
4114,0.295
4115,0.1659
4116,0.2478
4117,0.3225
4118,0.4621
4119,0.1446
4120,0.0998
4121,6e-04
4122,0.4151
4123,0.09
4124,0.2437
4125,0.4916
4126,0.1308
4127,0.2921
4128,0.2927
4129,0.2682
4130,0.0987
4131,0.2531
4132,0.2816
4133,0.1037
4134,0.4394
4135,0.4817
4136,0.4597
4137,0.15
4138,0.3652
4139,0.0206
4140,0.3634
4141,0.476
4142,0.0591
4143,0.1247
4144,0.4203
4145,0.4922
4146,0.2255
4147,0.2094
4148,0.4075
4149,0.2306
4150,0.378
4151,0.1482
4152,0.3982
4153,0.3761
4154,0.401
4155,0.1108
4156,0.3318
4157,0.4212
4158,0.1489
4159,0.1377
4160,0.3822
4161,0.1815
4162,0.0616
4163,0.4042
4164,0.2288
4165,0.0233
4166,0.4084
4167,0.3526
4168,0.1836
4169,0.188
4170,0.0757
4171,0.3587
4172,0.1436
4173,0.3803
4174,0.477
4175,0.1282
4176,0.4037
4177,0.375
4178,0.0087
4179,0.0056
4180,0.0929
4181,0.353
4182,0.1966
4183,0.1274
4184,0.2768
4185,0.1778
4186,0.3414
4187,0.1212
4188,0.2219
4189,0.1413
4190,0.0974
4191,0.3514
4192,0.1301
4193,0.0864
4194,0.0605
4195,0.464
4196,0.1262
4197,0.0054
4198,0.2537
4199,0.407
4200,0.4649
4201,0.0108
4202,0.0112
4203,0.3507
4204,0.449
4205,0.3864
4206,0.3352
4207,0.3455
4208,0.4095
4209,0.2272
4210,0.2235
4211,0.338
4212,0.3466
4213,0.444
4214,0.2142
4215,0.2594
4216,0.4232
4217,0.4962
4218,0.0427
4219,0.2661
4220,0.2018
4221,0.1252
4222,0.123
4223,0.3506
4224,0.2823
4225,0.3561
4226,0.2035
4227,0.1096
4228,0.4297
4229,0.066
4230,0.0193
4231,0.286
4232,0.3473
4233,0.3333
4234,0.0196
4235,0.3647
4236,0.0026
4237,0.1978
4238,0.15
4239,0.3583
4240,0.2208
4241,0.4994
4242,0.2732
4243,0.2432
4244,0.4067
4245,0.3881
4246,0.0458
4247,0.0269
4248,0.2468
4249,0.2777
4250,0.2438
4251,0.0626
4252,0.012
4253,0.0413
4254,0.1334
4255,0.2059
4256,0.0879
4257,0.096
4258,0.137
4259,0.4309
4260,0.2688
4261,0.4376
4262,0.2551
4263,0.0962
4264,0.26
4265,0.1647
4266,0.0594
4267,0.2599
4268,0.0583
4269,0.4036
4270,0.3905
4271,0.492
4272,0.4913
4273,0.4942
4274,0.0198
4275,0.1962
4276,0.224
4277,0.4779
4278,0.3678
4279,0.2264
4280,0.3332
4281,0.06
4282,0.4308
4283,0.4506
4284,0.2718
4285,0.2329
4286,0.0905
4287,0.3806
4288,0.1089
4289,0.2275
4290,0.1045
4291,0.4649
4292,0.4833
4293,0.3735
4294,0.142
4295,0.0816
4296,0.0761
4297,0.208
4298,0.0693
4299,0.4507
4300,0.1711
4301,0.2272
4302,0.0988
4303,0.3439
4304,0.2288
4305,0.3349
4306,0.0207
4307,0.1283
4308,0.2205
4309,0.0381
4310,0.3038
4311,0.2205
4312,0.3065
4313,0.0235
4314,0.1171
4315,0.0944
4316,0.2124
4317,0.0676
4318,0.0681
4319,0.3218
4320,0.1098
4321,0.0413
4322,0.4272
4323,0.2004
4324,0.401
4325,0.3817
4326,0.0753
4327,0.4098
4328,0.1966
4329,0.0818
4330,0.1364
4331,0.4916
4332,0.4034
4333,0.0686
4334,0.0844
4335,0.0906
4336,0.4589
4337,0.3492
4338,0.0365
4339,0.0671
4340,2e-04
4341,0.0621
4342,0.469
4343,0.3244
4344,0.0226
4345,0.2566
4346,0.2393
4347,0.2521
4348,0.3366
4349,0.3916
4350,0.0045
4351,0.4245
4352,0.2853
4353,0.1011
4354,0.0573
4355,0.0926
4356,0.3566
4357,0.3772
4358,0.0014
4359,0.1087
4360,0.282
4361,0.1617
4362,0.4294
4363,0.1128
4364,0.1236
4365,0.2855
4366,0.0024
4367,0.2827
4368,0.3652
4369,0.2053
4370,0.2446
4371,0.0065
4372,0.1565
4373,0.4748
4374,0.427
4375,0.2056
4376,0.1039
4377,0.0615
4378,0.0237
4379,0.2025
4380,0.3675
4381,0.409
4382,0.0375
4383,0.2194
4384,0.4737
4385,0.3377
4386,0.3368
4387,0.246
4388,0.1722
4389,0.0023
4390,0.3851
4391,0.4401
4392,0.2494
4393,0.0227
4394,0.3536
4395,0.088
4396,0.3232
4397,0.3389
4398,0.1067
4399,0.1362
4400,0.3008
4401,0.1981
4402,0.0651
4403,0.04
4404,0.235
4405,0.3669
4406,0.2385
4407,0.4346
4408,0.3799
4409,0.2152
4410,0.3011
4411,0.4925
4412,0.3393
4413,0.4422
4414,0.4572
4415,0.1864
4416,0.3671
4417,0.4603
4418,0.2921
4419,0.4452
4420,0.3068
4421,0.1159
4422,0.4573
4423,0.1616
4424,0.2846
4425,0.2125
4426,0.4222
4427,0.1201
4428,0.2757
4429,0.3515
4430,0.1757
4431,0.112
4432,0.0026
4433,0.1688
4434,0.4254
4435,0.4266
4436,0.2038
4437,0.0065
4438,0.3242
4439,0.2614
4440,0.1216
4441,0.2438
4442,0.1641
4443,0.2401
4444,0.3592
4445,0.1702
4446,0.2232
4447,0.134
4448,0.0692
4449,0.278
4450,0.2561
4451,0.0938
4452,0.0101
4453,0.0825
4454,0.1606
4455,0.173
4456,0.039
4457,0.4389
4458,0.0673
4459,0.0687
4460,0.1709
4461,0.4023
4462,0.4472
4463,0.2007
4464,0.2141
4465,0.1327
4466,0.1948
4467,0.0927
4468,0.2822
4469,0.257
4470,0.0551
4471,0.2797
4472,0.2031
4473,0.2922
4474,0.3983
4475,0.0719
4476,0.1301
4477,0.162
4478,0.1346
4479,0.2083
4480,0.257
4481,0.4542
4482,0.4121
4483,0.3931
4484,0.3212
4485,0.3546
4486,0.0153
4487,0.3065
4488,0.2195
4489,0.4498
4490,0.1303
4491,0.4648
4492,0.425
4493,0.1343
4494,0.1398
4495,0.2069
4496,0.2535
4497,0.0384
4498,0.2512
4499,0.2021
4500,0.1756
4501,0.0647
4502,0.3542
4503,0.4999
4504,0.3936
4505,0.1611
4506,0.4803
4507,0.0359
4508,0.4934
4509,0.3335
4510,0.1138
4511,0.0445
4512,0.3057
4513,0.1229
4514,0.183
4515,0.0059
4516,0.2707
4517,0.3257
4518,0.0779
4519,0.1675
4520,0.385
4521,0.3487
4522,0.1817
4523,0.281
4524,0.2402
4525,0.2969
4526,0.1217
4527,0.3969
4528,0.0457
4529,0.0802
4530,0.3606
4531,0.2691
4532,0.4132
4533,0.4683
4534,0.1681
4535,0.0095
4536,0.1988
4537,0.0341
4538,0.1818
4539,0.4839
4540,0.0413
4541,0.0991
4542,0.2488
4543,0.1163
4544,0.1165
4545,0.1336
4546,0.4889
4547,0.472
4548,0.3498
4549,0.3758
4550,0.4526
4551,0.0881
4552,0.0387
4553,0.3928
4554,0.1324
4555,0.1364
4556,0.1718
4557,0.1546
4558,0.3874
4559,0.4502
4560,0.3389
4561,0.2508
4562,0.4302
4563,0.1973
4564,0.0819
4565,0.1849
4566,0.2614
4567,0.1592
4568,0.058
4569,0.0281
4570,0.2125
4571,0.4973
4572,0.3414
4573,0.4857
4574,0.4784
4575,0.0096
4576,0.0903
4577,0.1621
4578,0.0312
4579,0.4839
4580,0.2159
4581,0.3397
4582,0.2679
4583,0.3541
4584,0.3542
4585,0.4622
4586,0.3759
4587,0.0832
4588,0.3544
4589,0.0245
4590,0.2507
4591,0.1591
4592,0.2405
4593,0.1352
4594,0.2449
4595,0.4126
4596,0.2339
4597,0.4572
4598,0.2937
4599,0.2666
4600,0.2254
4601,0.4382
4602,0.2933
4603,0.2047
4604,0.481
4605,0.0271
4606,0.3509
4607,0.3904
4608,0.2751
4609,0.1715
4610,0.4026
4611,0.0316
4612,0.0762
4613,0.4663
4614,0.3183
4615,0.4661
4616,0.2768
4617,0.0441
4618,0.4597
4619,0.2809
4620,0.4464
4621,0.2757
4622,0.1184
4623,0.013
4624,0.235
4625,0.3238
4626,0.0886
4627,0.4295
4628,0.1193
4629,0.0244
4630,0.1436
4631,0.1356
4632,0.4212
4633,0.3431
4634,0.4745
4635,0.2688
4636,0.0143
4637,0.363
4638,0.2335
4639,0.4162
4640,0.2534
4641,0.11
4642,0.4732
4643,0.1723
4644,0.4256
4645,0.2867
4646,0.4465
4647,0.1621
4648,0.4258
4649,0.0899
4650,0.3938
4651,0.1257
4652,0.1344
4653,0.2741
4654,0.0269
4655,0.2433
4656,0.4609
4657,0.4728
4658,0.3137
4659,0.3072
4660,0.4148
4661,0.4713
4662,0.4094
4663,0.2459
4664,0.1269
4665,0.2195
4666,0.1291
4667,0.136
4668,0.3721
4669,0.138
4670,0.4164
4671,0.3799
4672,0.4558
4673,0.0331
4674,0.3604
4675,0.4562
4676,0.4144
4677,0.0664
4678,0.2687
4679,0.4504
4680,0.0866
4681,0.2509
4682,0.0814
4683,0.0919
4684,0.104
4685,0.3231
4686,0.1836
4687,0.4661
4688,0.4062
4689,0.2177
4690,0.2678
4691,0.2601
4692,0.0817
4693,0.2397
4694,0.2387
4695,0.0446
4696,0.4204
4697,0.4649
4698,0.038
4699,0.2341
4700,0.1299
4701,0.161
4702,0.0849
4703,0.4472
4704,0.0384
4705,0.3991
4706,0.3614
4707,0.3022
4708,0.2405
4709,0.4357
4710,0.2656
4711,0.2421
4712,0.1386
4713,0.2475
4714,0.4754
4715,0.0759
4716,0.0758
4717,0.0038
4718,0.179
4719,0.3079
4720,0.4401
4721,0.2232
4722,0.3696
4723,0.1889
4724,0.2175
4725,0.3061
4726,0.3952
4727,0.2003
4728,0.2463
4729,0.4686
4730,0.1999
4731,0.3539
4732,0.0566
4733,0.3508
4734,0.0954
4735,0.0312
4736,0.4599
4737,0.2386
4738,0.252
4739,0.0395
4740,0.0194
4741,0.2038
4742,0.3245
4743,0.3765
4744,0.0059
4745,0.1739
4746,0.0486
4747,0.4975
4748,0.1709
4749,0.4899
4750,0.3992
4751,0.0993
4752,0.1764
4753,0.2217
4754,0.4746
4755,0.3058
4756,0.193
4757,0.4437
4758,0.3127
4759,0.4155
4760,0.2533
4761,0.4373
4762,0.0172
4763,0.2661
4764,0.2025
4765,0.3044
4766,0.1731
4767,0.4843
4768,0.1078
4769,0.2443
4770,0.3548
4771,0.0626
4772,0.4985
4773,0.2643
4774,0.1867
4775,0.3186
4776,0.0943
4777,0.1905
4778,0.2751
4779,0.2366
4780,0.317
4781,0.4255
4782,0.1048
4783,0.25
4784,0.1422
4785,0.1633
4786,0.2535
4787,0.1165
4788,0.2401
4789,0.1402
4790,0.2633
4791,0.2495
4792,0.3007
4793,0.2935
4794,0.4121
4795,0.3528
4796,0.3745
4797,0.4774
4798,0.3832
4799,0.1272
4800,0.0439
4801,0.4248
4802,0.2441
4803,0.3184
4804,0.2748
4805,0.2249
4806,0.2006
4807,0.0259
4808,0.2617
4809,0.4082
4810,0.1799
4811,0.319
4812,0.1138
4813,0.0717
4814,0.2205
4815,0.0595
4816,0.1404
4817,0.1762
4818,0.1089
4819,0.1028
4820,0.4099
4821,0.0541
4822,0.1402
4823,0.4751
4824,0.4022
4825,0.2169
4826,0.1195
4827,0.1555
4828,0.081
4829,0.3262
4830,0.1396
4831,0.436
4832,0.3701
4833,0.4526
4834,0.051
4835,0.2815
4836,0.4833
4837,0.249
4838,0.4519
4839,0.31
4840,0.2328
4841,0.3387
4842,0.4432
4843,0.4236
4844,0.0558
4845,0.42
4846,0.2035
4847,0.4278
4848,0.0582
4849,0.4949
4850,0.4818
4851,0.3657
4852,0.3657
4853,0.4921
4854,0.1826
4855,0.2523
4856,0.031
4857,0.4335
4858,0.2212
4859,0.0523
4860,0.4175
4861,0.2462
4862,0.2179
4863,0.1338
4864,0.2928
4865,0.0312
4866,0.0235
4867,0.423
4868,0.2958
4869,0.4392
4870,0.3136
4871,0.243
4872,0.4397
4873,0.169
4874,0.0346
4875,0.2249
4876,0.339
4877,0.1313
4878,0.2377
4879,0.4873
4880,0.4632
4881,0.2684
4882,0.0649
4883,0.2017
4884,0.2086
4885,0.3399
4886,0.348
4887,0.1832
4888,0.1343
4889,0.1818
4890,0.0689
4891,0.247
4892,0.4424
4893,0.0803
4894,0.3788
4895,0.3829
4896,0.1397
4897,0.4511
4898,0.0319
4899,0.2279
4900,0.3332
4901,0.064
4902,0.4282
4903,0.1274
4904,0.3458
4905,0.3508
4906,0.4545
4907,0.495
4908,0.2572
4909,0.1307
4910,0.3113
4911,0.3014
4912,0.1462
4913,0.3044
4914,0.0055
4915,0.3701
4916,0.2906
4917,0.1773
4918,0.3991
4919,0.0243
4920,0.0366
4921,0.126
4922,0.0041
4923,0.4898
4924,0.021
4925,0.1125
4926,0.4444
4927,0.2308
4928,0.102
4929,0.2864
4930,0.3388
4931,0.2784
4932,0.2311
4933,0.0078
4934,0.4089
4935,0.14
4936,0.227
4937,0.0825
4938,0.0655
4939,0.4809
4940,0.4922
4941,0.2055
4942,0.343
4943,0.4139
4944,0.2181
4945,0.1118
4946,0.3888
4947,0.251
4948,0.2638
4949,0.201
4950,0.3577
4951,0.4031
4952,0.1867
4953,0.1685
4954,0.2797
4955,0.1706
4956,0.2572
4957,0.4777
4958,0.0448
4959,0.4762
4960,0.428
4961,0.4272
4962,0.2672
4963,0.0745
4964,0.1588
4965,0.262
4966,0.2349
4967,0.3419
4968,0.2096
4969,0.4039
4970,0.1883
4971,0.4858
4972,0.3384
4973,0.1358
4974,0.2043
4975,0.3187
4976,0.4684
4977,0.2629
4978,0.1132
4979,0.3393
4980,0.2756
4981,0.3721
4982,0.1421
4983,0.4467
4984,0.0436
4985,0.1807
4986,0.2364
4987,0.2985
4988,0.1118
4989,0.0037
4990,0.107
4991,0.2777
4992,0.2308
4993,0.2862
4994,0.378
4995,0.3543
4996,0.42
4997,0.1047
4998,0.4662
4999,0.279
5000,0.004
